subject,body,label
Your order has shipped,"Hi Priya, attaching the notes from today's meeting. Let me know if I missed anything. Thanks, Sam Regards.",0
Class schedule change,"Hey, are you free for lunch on Friday? There's a new place near campus. Regards.",0
Re: Question about the assignment,"Hello team, the project demo is moved to Thursday at 3 PM in room 204. See you there. Thanks.",0
Monthly newsletter,"Hey, are you free for lunch on Friday? There's a new place near campus.",0
Security alert: unauthorized activity,"Congratulations! You have won a free gift. Claim your prize now, send your bank details and password to confirm. Thanks.",1
Lunch on Friday?,"Hey, are you free for lunch on Friday? There's a new place near campus. Please reply.",0
Re: Question about the assignment,"Hey, are you free for lunch on Friday? There's a new place near campus. Have a good day.",0
Congratulations! You have won a prize,Security code required. Sign in to verify your account: http://bit.ly/fake-demo-link or it will be permanently locked. Have a good day.,1
Team meeting notes,"Hey, are you free for lunch on Friday? There's a new place near campus. Please reply.",0
Congratulations! You have won a prize,Your payment failed. Update your billing details within 24 hours at http://198.51.100.7/billing/confirm to avoid legal action. Regards.,1
Project update for week 12,"Hi Priya, attaching the notes from today's meeting. Let me know if I missed anything. Thanks, Sam Have a good day.",0
Congratulations! You have won a prize,FINAL NOTICE: confirm your identity and enter your password at http://acc0unt-update.example.xyz/login. Act now!!!,1
URGENT: Verify your account now,"Dear customer, we detected unauthorized activity. Verify your account immediately: http://secure-login-verify.example.test/signin or your account will be suspended. Regards.",1
Congratulations! You have won a prize,"Dear customer, we detected unauthorized activity. Verify your account immediately: http://secure-login-verify.example.test/signin or your account will be suspended. Please reply.",1
Your account will be suspended,Your payment failed. Update your billing details within 24 hours at http://198.51.100.7/billing/confirm to avoid legal action. Please reply.,1
Team meeting notes,"Dear students, the lecture on Monday is rescheduled to Wednesday. Slides are on the course page https://university.example.edu/course. Have a good day.",0
Project update for week 12,"Hey, are you free for lunch on Friday? There's a new place near campus. Have a good day.",0
Monthly newsletter,"Hi Alex, thanks for the quick review. I'll merge the changes tomorrow morning. Regards.",0
Project update for week 12,"Dear students, the lecture on Monday is rescheduled to Wednesday. Slides are on the course page https://university.example.edu/course. Please reply.",0
Congratulations! You have won a prize,Security code required. Sign in to verify your account: http://bit.ly/fake-demo-link or it will be permanently locked. Have a good day.,1
Congratulations! You have won a prize,"Dear user, please buy gift cards and send the codes right away. This is urgent and confidential. Regards.",1
URGENT: Verify your account now,FINAL NOTICE: confirm your identity and enter your password at http://acc0unt-update.example.xyz/login. Act now!!! Regards.,1
Final notice: confirm your identity,"Dear customer, we detected unauthorized activity. Verify your account immediately: http://secure-login-verify.example.test/signin or your account will be suspended.",1
Payment failed - update billing,"Congratulations! You have won a free gift. Claim your prize now, send your bank details and password to confirm. Thanks.",1
Your account will be suspended,Security code required. Sign in to verify your account: http://bit.ly/fake-demo-link or it will be permanently locked. Please reply.,1
Final notice: confirm your identity,"Congratulations! You have won a free gift. Claim your prize now, send your bank details and password to confirm. Thanks.",1
Team meeting notes,"Hi Priya, attaching the notes from today's meeting. Let me know if I missed anything. Thanks, Sam Regards.",0
Monthly newsletter,"Hi, your order #4821 has shipped and should arrive in 3 days. Track it at https://shop.example.com/orders/4821. Please reply.",0
Project update for week 12,"Hi Alex, thanks for the quick review. I'll merge the changes tomorrow morning. Have a good day.",0
Your order has shipped,"Hi, your order #4821 has shipped and should arrive in 3 days. Track it at https://shop.example.com/orders/4821. Please reply.",0
Monthly newsletter,"Hey, are you free for lunch on Friday? There's a new place near campus. Regards.",0
Monthly newsletter,"Hi Priya, attaching the notes from today's meeting. Let me know if I missed anything. Thanks, Sam Thanks.",0
Invoice attached - immediate action,Security code required. Sign in to verify your account: http://bit.ly/fake-demo-link or it will be permanently locked. Please reply.,1
Class schedule change,"Hey, are you free for lunch on Friday? There's a new place near campus. Please reply.",0
Your account will be suspended,"Dear user, please buy gift cards and send the codes right away. This is urgent and confidential. Have a good day.",1
Your order has shipped,"Dear students, the lecture on Monday is rescheduled to Wednesday. Slides are on the course page https://university.example.edu/course. Thanks.",0
Final notice: confirm your identity,FINAL NOTICE: confirm your identity and enter your password at http://acc0unt-update.example.xyz/login. Act now!!! Regards.,1
Security alert: unauthorized activity,"Dear user, please buy gift cards and send the codes right away. This is urgent and confidential. Have a good day.",1
Team meeting notes,"Hey, are you free for lunch on Friday? There's a new place near campus.",0
Project update for week 12,"Dear students, the lecture on Monday is rescheduled to Wednesday. Slides are on the course page https://university.example.edu/course. Have a good day.",0
Your order has shipped,"Hi, your order #4821 has shipped and should arrive in 3 days. Track it at https://shop.example.com/orders/4821. Thanks.",0
Your order has shipped,"Hi Priya, attaching the notes from today's meeting. Let me know if I missed anything. Thanks, Sam",0
Invoice attached - immediate action,"Dear customer, we detected unauthorized activity. Verify your account immediately: http://secure-login-verify.example.test/signin or your account will be suspended. Regards.",1
Lunch on Friday?,"Hello team, the project demo is moved to Thursday at 3 PM in room 204. See you there. Have a good day.",0
Team meeting notes,"Hi, your order #4821 has shipped and should arrive in 3 days. Track it at https://shop.example.com/orders/4821. Regards.",0
Your order has shipped,"Hi Priya, attaching the notes from today's meeting. Let me know if I missed anything. Thanks, Sam Thanks.",0
Project update for week 12,"Hi Priya, attaching the notes from today's meeting. Let me know if I missed anything. Thanks, Sam Have a good day.",0
Team meeting notes,"Hey, are you free for lunch on Friday? There's a new place near campus.",0
Re: Question about the assignment,"Hello team, the project demo is moved to Thursday at 3 PM in room 204. See you there.",0
Your order has shipped,"Hi, your order #4821 has shipped and should arrive in 3 days. Track it at https://shop.example.com/orders/4821. Regards.",0
Final notice: confirm your identity,Security code required. Sign in to verify your account: http://bit.ly/fake-demo-link or it will be permanently locked. Please reply.,1
Your account will be suspended,"Dear customer, we detected unauthorized activity. Verify your account immediately: http://secure-login-verify.example.test/signin or your account will be suspended. Please reply.",1
Re: Question about the assignment,"Hi Alex, thanks for the quick review. I'll merge the changes tomorrow morning. Have a good day.",0
Final notice: confirm your identity,Your payment failed. Update your billing details within 24 hours at http://198.51.100.7/billing/confirm to avoid legal action. Please reply.,1
Congratulations! You have won a prize,"Dear user, please buy gift cards and send the codes right away. This is urgent and confidential. Please reply.",1
URGENT: Verify your account now,"Dear user, please buy gift cards and send the codes right away. This is urgent and confidential. Please reply.",1
Your order has shipped,"Hi Alex, thanks for the quick review. I'll merge the changes tomorrow morning. Regards.",0
Project update for week 12,"Hi Alex, thanks for the quick review. I'll merge the changes tomorrow morning. Please reply.",0
Congratulations! You have won a prize,Your payment failed. Update your billing details within 24 hours at http://198.51.100.7/billing/confirm to avoid legal action. Regards.,1
Your order has shipped,"Hey, are you free for lunch on Friday? There's a new place near campus.",0
Re: Question about the assignment,"Hello team, the project demo is moved to Thursday at 3 PM in room 204. See you there.",0
Invoice attached - immediate action,Your payment failed. Update your billing details within 24 hours at http://198.51.100.7/billing/confirm to avoid legal action. Regards.,1
Security alert: unauthorized activity,"Congratulations! You have won a free gift. Claim your prize now, send your bank details and password to confirm. Please reply.",1
Congratulations! You have won a prize,Your payment failed. Update your billing details within 24 hours at http://198.51.100.7/billing/confirm to avoid legal action. Thanks.,1
Congratulations! You have won a prize,Security code required. Sign in to verify your account: http://bit.ly/fake-demo-link or it will be permanently locked. Thanks.,1
Your account will be suspended,"Dear user, please buy gift cards and send the codes right away. This is urgent and confidential. Regards.",1
Lunch on Friday?,"Hi Alex, thanks for the quick review. I'll merge the changes tomorrow morning. Please reply.",0
Project update for week 12,"Hey, are you free for lunch on Friday? There's a new place near campus.",0
Lunch on Friday?,"Hello team, the project demo is moved to Thursday at 3 PM in room 204. See you there. Please reply.",0
Your order has shipped,"Hi Alex, thanks for the quick review. I'll merge the changes tomorrow morning. Thanks.",0
Monthly newsletter,"Hello team, the project demo is moved to Thursday at 3 PM in room 204. See you there. Please reply.",0
Your order has shipped,"Dear students, the lecture on Monday is rescheduled to Wednesday. Slides are on the course page https://university.example.edu/course. Please reply.",0
Your order has shipped,"Hi Alex, thanks for the quick review. I'll merge the changes tomorrow morning.",0
Final notice: confirm your identity,Security code required. Sign in to verify your account: http://bit.ly/fake-demo-link or it will be permanently locked. Have a good day.,1
URGENT: Verify your account now,"Dear customer, we detected unauthorized activity. Verify your account immediately: http://secure-login-verify.example.test/signin or your account will be suspended.",1
Your account will be suspended,"Congratulations! You have won a free gift. Claim your prize now, send your bank details and password to confirm. Have a good day.",1
Lunch on Friday?,"Hi Alex, thanks for the quick review. I'll merge the changes tomorrow morning.",0
Lunch on Friday?,"Hey, are you free for lunch on Friday? There's a new place near campus. Have a good day.",0
Payment failed - update billing,FINAL NOTICE: confirm your identity and enter your password at http://acc0unt-update.example.xyz/login. Act now!!! Regards.,1
Payment failed - update billing,Your payment failed. Update your billing details within 24 hours at http://198.51.100.7/billing/confirm to avoid legal action. Please reply.,1
Class schedule change,"Hi Alex, thanks for the quick review. I'll merge the changes tomorrow morning. Thanks.",0
Congratulations! You have won a prize,"Dear user, please buy gift cards and send the codes right away. This is urgent and confidential. Thanks.",1
Project update for week 12,"Hi, your order #4821 has shipped and should arrive in 3 days. Track it at https://shop.example.com/orders/4821. Please reply.",0
Your order has shipped,"Hi Priya, attaching the notes from today's meeting. Let me know if I missed anything. Thanks, Sam Thanks.",0
Your order has shipped,"Hi, your order #4821 has shipped and should arrive in 3 days. Track it at https://shop.example.com/orders/4821.",0
Invoice attached - immediate action,Your payment failed. Update your billing details within 24 hours at http://198.51.100.7/billing/confirm to avoid legal action. Please reply.,1
Monthly newsletter,"Hey, are you free for lunch on Friday? There's a new place near campus. Thanks.",0
URGENT: Verify your account now,"Congratulations! You have won a free gift. Claim your prize now, send your bank details and password to confirm. Please reply.",1
URGENT: Verify your account now,Your payment failed. Update your billing details within 24 hours at http://198.51.100.7/billing/confirm to avoid legal action. Regards.,1
Security alert: unauthorized activity,Your payment failed. Update your billing details within 24 hours at http://198.51.100.7/billing/confirm to avoid legal action. Please reply.,1
Your account will be suspended,"Congratulations! You have won a free gift. Claim your prize now, send your bank details and password to confirm. Regards.",1
Class schedule change,"Hi Priya, attaching the notes from today's meeting. Let me know if I missed anything. Thanks, Sam Regards.",0
Invoice attached - immediate action,Your payment failed. Update your billing details within 24 hours at http://198.51.100.7/billing/confirm to avoid legal action.,1
URGENT: Verify your account now,"Dear user, please buy gift cards and send the codes right away. This is urgent and confidential.",1
Security alert: unauthorized activity,"Congratulations! You have won a free gift. Claim your prize now, send your bank details and password to confirm. Please reply.",1
Monthly newsletter,"Hello team, the project demo is moved to Thursday at 3 PM in room 204. See you there. Have a good day.",0
Invoice attached - immediate action,"Dear user, please buy gift cards and send the codes right away. This is urgent and confidential. Thanks.",1
Class schedule change,"Dear students, the lecture on Monday is rescheduled to Wednesday. Slides are on the course page https://university.example.edu/course.",0
Your account will be suspended,FINAL NOTICE: confirm your identity and enter your password at http://acc0unt-update.example.xyz/login. Act now!!!,1
Your order has shipped,"Hi Priya, attaching the notes from today's meeting. Let me know if I missed anything. Thanks, Sam",0
Final notice: confirm your identity,"Congratulations! You have won a free gift. Claim your prize now, send your bank details and password to confirm.",1
Invoice attached - immediate action,"Dear user, please buy gift cards and send the codes right away. This is urgent and confidential. Please reply.",1
Class schedule change,"Dear students, the lecture on Monday is rescheduled to Wednesday. Slides are on the course page https://university.example.edu/course. Regards.",0
Re: Question about the assignment,"Hi Priya, attaching the notes from today's meeting. Let me know if I missed anything. Thanks, Sam Regards.",0
Invoice attached - immediate action,"Congratulations! You have won a free gift. Claim your prize now, send your bank details and password to confirm. Thanks.",1
Re: Question about the assignment,"Dear students, the lecture on Monday is rescheduled to Wednesday. Slides are on the course page https://university.example.edu/course.",0
Security alert: unauthorized activity,"Dear user, please buy gift cards and send the codes right away. This is urgent and confidential.",1
Congratulations! You have won a prize,"Dear user, please buy gift cards and send the codes right away. This is urgent and confidential. Regards.",1
Payment failed - update billing,"Congratulations! You have won a free gift. Claim your prize now, send your bank details and password to confirm. Have a good day.",1
Project update for week 12,"Hey, are you free for lunch on Friday? There's a new place near campus.",0
Invoice attached - immediate action,Security code required. Sign in to verify your account: http://bit.ly/fake-demo-link or it will be permanently locked. Have a good day.,1
Congratulations! You have won a prize,"Congratulations! You have won a free gift. Claim your prize now, send your bank details and password to confirm. Please reply.",1
URGENT: Verify your account now,"Congratulations! You have won a free gift. Claim your prize now, send your bank details and password to confirm. Please reply.",1
Payment failed - update billing,Your payment failed. Update your billing details within 24 hours at http://198.51.100.7/billing/confirm to avoid legal action. Please reply.,1
Project update for week 12,"Hello team, the project demo is moved to Thursday at 3 PM in room 204. See you there. Have a good day.",0
Invoice attached - immediate action,"Congratulations! You have won a free gift. Claim your prize now, send your bank details and password to confirm.",1
Payment failed - update billing,Your payment failed. Update your billing details within 24 hours at http://198.51.100.7/billing/confirm to avoid legal action. Please reply.,1
Team meeting notes,"Hi, your order #4821 has shipped and should arrive in 3 days. Track it at https://shop.example.com/orders/4821. Thanks.",0
Congratulations! You have won a prize,FINAL NOTICE: confirm your identity and enter your password at http://acc0unt-update.example.xyz/login. Act now!!! Please reply.,1
Congratulations! You have won a prize,"Dear user, please buy gift cards and send the codes right away. This is urgent and confidential.",1
Your account will be suspended,FINAL NOTICE: confirm your identity and enter your password at http://acc0unt-update.example.xyz/login. Act now!!!,1
Re: Question about the assignment,"Dear students, the lecture on Monday is rescheduled to Wednesday. Slides are on the course page https://university.example.edu/course. Please reply.",0
URGENT: Verify your account now,Security code required. Sign in to verify your account: http://bit.ly/fake-demo-link or it will be permanently locked. Have a good day.,1
Re: Question about the assignment,"Hi Alex, thanks for the quick review. I'll merge the changes tomorrow morning. Have a good day.",0
Payment failed - update billing,Your payment failed. Update your billing details within 24 hours at http://198.51.100.7/billing/confirm to avoid legal action. Have a good day.,1
Congratulations! You have won a prize,Your payment failed. Update your billing details within 24 hours at http://198.51.100.7/billing/confirm to avoid legal action. Have a good day.,1
URGENT: Verify your account now,Security code required. Sign in to verify your account: http://bit.ly/fake-demo-link or it will be permanently locked. Regards.,1
Security alert: unauthorized activity,FINAL NOTICE: confirm your identity and enter your password at http://acc0unt-update.example.xyz/login. Act now!!! Have a good day.,1
Invoice attached - immediate action,Security code required. Sign in to verify your account: http://bit.ly/fake-demo-link or it will be permanently locked. Have a good day.,1
Payment failed - update billing,"Dear customer, we detected unauthorized activity. Verify your account immediately: http://secure-login-verify.example.test/signin or your account will be suspended. Please reply.",1
Invoice attached - immediate action,"Dear customer, we detected unauthorized activity. Verify your account immediately: http://secure-login-verify.example.test/signin or your account will be suspended. Please reply.",1
Final notice: confirm your identity,"Congratulations! You have won a free gift. Claim your prize now, send your bank details and password to confirm. Have a good day.",1
Invoice attached - immediate action,Your payment failed. Update your billing details within 24 hours at http://198.51.100.7/billing/confirm to avoid legal action. Thanks.,1
Team meeting notes,"Dear students, the lecture on Monday is rescheduled to Wednesday. Slides are on the course page https://university.example.edu/course. Regards.",0
Your order has shipped,"Hi, your order #4821 has shipped and should arrive in 3 days. Track it at https://shop.example.com/orders/4821. Regards.",0
Payment failed - update billing,FINAL NOTICE: confirm your identity and enter your password at http://acc0unt-update.example.xyz/login. Act now!!! Regards.,1
Lunch on Friday?,"Hello team, the project demo is moved to Thursday at 3 PM in room 204. See you there. Have a good day.",0
Invoice attached - immediate action,"Dear user, please buy gift cards and send the codes right away. This is urgent and confidential. Please reply.",1
Re: Question about the assignment,"Hi Alex, thanks for the quick review. I'll merge the changes tomorrow morning.",0
Your account will be suspended,Security code required. Sign in to verify your account: http://bit.ly/fake-demo-link or it will be permanently locked. Regards.,1
Team meeting notes,"Hello team, the project demo is moved to Thursday at 3 PM in room 204. See you there. Have a good day.",0
Re: Question about the assignment,"Dear students, the lecture on Monday is rescheduled to Wednesday. Slides are on the course page https://university.example.edu/course.",0
Your account will be suspended,"Congratulations! You have won a free gift. Claim your prize now, send your bank details and password to confirm. Regards.",1
URGENT: Verify your account now,Security code required. Sign in to verify your account: http://bit.ly/fake-demo-link or it will be permanently locked. Thanks.,1
Re: Question about the assignment,"Hi Priya, attaching the notes from today's meeting. Let me know if I missed anything. Thanks, Sam Regards.",0
Your account will be suspended,"Congratulations! You have won a free gift. Claim your prize now, send your bank details and password to confirm. Please reply.",1
Security alert: unauthorized activity,FINAL NOTICE: confirm your identity and enter your password at http://acc0unt-update.example.xyz/login. Act now!!! Thanks.,1
Lunch on Friday?,"Hi Alex, thanks for the quick review. I'll merge the changes tomorrow morning.",0
Payment failed - update billing,"Congratulations! You have won a free gift. Claim your prize now, send your bank details and password to confirm. Please reply.",1
Payment failed - update billing,"Congratulations! You have won a free gift. Claim your prize now, send your bank details and password to confirm. Thanks.",1
Re: Question about the assignment,"Hello team, the project demo is moved to Thursday at 3 PM in room 204. See you there. Regards.",0
Re: Question about the assignment,"Hello team, the project demo is moved to Thursday at 3 PM in room 204. See you there. Have a good day.",0
Final notice: confirm your identity,Your payment failed. Update your billing details within 24 hours at http://198.51.100.7/billing/confirm to avoid legal action. Regards.,1
Team meeting notes,"Hey, are you free for lunch on Friday? There's a new place near campus. Regards.",0
Project update for week 12,"Hey, are you free for lunch on Friday? There's a new place near campus. Regards.",0
Lunch on Friday?,"Hi Priya, attaching the notes from today's meeting. Let me know if I missed anything. Thanks, Sam Please reply.",0
Class schedule change,"Hi, your order #4821 has shipped and should arrive in 3 days. Track it at https://shop.example.com/orders/4821.",0
Payment failed - update billing,Security code required. Sign in to verify your account: http://bit.ly/fake-demo-link or it will be permanently locked.,1
URGENT: Verify your account now,Security code required. Sign in to verify your account: http://bit.ly/fake-demo-link or it will be permanently locked. Have a good day.,1
Payment failed - update billing,"Dear customer, we detected unauthorized activity. Verify your account immediately: http://secure-login-verify.example.test/signin or your account will be suspended. Please reply.",1
Congratulations! You have won a prize,FINAL NOTICE: confirm your identity and enter your password at http://acc0unt-update.example.xyz/login. Act now!!! Thanks.,1
Congratulations! You have won a prize,Your payment failed. Update your billing details within 24 hours at http://198.51.100.7/billing/confirm to avoid legal action.,1
Your order has shipped,"Hello team, the project demo is moved to Thursday at 3 PM in room 204. See you there. Please reply.",0
Class schedule change,"Hey, are you free for lunch on Friday? There's a new place near campus. Have a good day.",0
Payment failed - update billing,Your payment failed. Update your billing details within 24 hours at http://198.51.100.7/billing/confirm to avoid legal action. Thanks.,1
Lunch on Friday?,"Hi Priya, attaching the notes from today's meeting. Let me know if I missed anything. Thanks, Sam",0
Project update for week 12,"Dear students, the lecture on Monday is rescheduled to Wednesday. Slides are on the course page https://university.example.edu/course. Regards.",0
Your order has shipped,"Hi Alex, thanks for the quick review. I'll merge the changes tomorrow morning. Please reply.",0
Your account will be suspended,FINAL NOTICE: confirm your identity and enter your password at http://acc0unt-update.example.xyz/login. Act now!!! Please reply.,1
Monthly newsletter,"Hi, your order #4821 has shipped and should arrive in 3 days. Track it at https://shop.example.com/orders/4821.",0
Payment failed - update billing,Your payment failed. Update your billing details within 24 hours at http://198.51.100.7/billing/confirm to avoid legal action. Regards.,1
Monthly newsletter,"Dear students, the lecture on Monday is rescheduled to Wednesday. Slides are on the course page https://university.example.edu/course. Please reply.",0
Your order has shipped,"Dear students, the lecture on Monday is rescheduled to Wednesday. Slides are on the course page https://university.example.edu/course.",0
Invoice attached - immediate action,Security code required. Sign in to verify your account: http://bit.ly/fake-demo-link or it will be permanently locked. Regards.,1
Monthly newsletter,"Hi Alex, thanks for the quick review. I'll merge the changes tomorrow morning. Have a good day.",0
Invoice attached - immediate action,"Congratulations! You have won a free gift. Claim your prize now, send your bank details and password to confirm. Thanks.",1
Monthly newsletter,"Hey, are you free for lunch on Friday? There's a new place near campus.",0
Congratulations! You have won a prize,Security code required. Sign in to verify your account: http://bit.ly/fake-demo-link or it will be permanently locked. Thanks.,1
Your account will be suspended,Security code required. Sign in to verify your account: http://bit.ly/fake-demo-link or it will be permanently locked. Regards.,1
Monthly newsletter,"Hi, your order #4821 has shipped and should arrive in 3 days. Track it at https://shop.example.com/orders/4821. Please reply.",0
Class schedule change,"Hello team, the project demo is moved to Thursday at 3 PM in room 204. See you there.",0
Your account will be suspended,Security code required. Sign in to verify your account: http://bit.ly/fake-demo-link or it will be permanently locked. Regards.,1
Your account will be suspended,Security code required. Sign in to verify your account: http://bit.ly/fake-demo-link or it will be permanently locked. Thanks.,1
Your account will be suspended,Your payment failed. Update your billing details within 24 hours at http://198.51.100.7/billing/confirm to avoid legal action. Have a good day.,1
Congratulations! You have won a prize,Security code required. Sign in to verify your account: http://bit.ly/fake-demo-link or it will be permanently locked. Thanks.,1
Project update for week 12,"Hi Priya, attaching the notes from today's meeting. Let me know if I missed anything. Thanks, Sam Have a good day.",0
Lunch on Friday?,"Dear students, the lecture on Monday is rescheduled to Wednesday. Slides are on the course page https://university.example.edu/course. Regards.",0
Security alert: unauthorized activity,"Dear customer, we detected unauthorized activity. Verify your account immediately: http://secure-login-verify.example.test/signin or your account will be suspended. Please reply.",1
Congratulations! You have won a prize,"Dear user, please buy gift cards and send the codes right away. This is urgent and confidential. Thanks.",1
Invoice attached - immediate action,"Dear user, please buy gift cards and send the codes right away. This is urgent and confidential.",1
Security alert: unauthorized activity,"Dear user, please buy gift cards and send the codes right away. This is urgent and confidential.",1
Invoice attached - immediate action,"Dear user, please buy gift cards and send the codes right away. This is urgent and confidential. Regards.",1
Invoice attached - immediate action,"Dear customer, we detected unauthorized activity. Verify your account immediately: http://secure-login-verify.example.test/signin or your account will be suspended. Regards.",1
Team meeting notes,"Hi, your order #4821 has shipped and should arrive in 3 days. Track it at https://shop.example.com/orders/4821. Please reply.",0
Your account will be suspended,Your payment failed. Update your billing details within 24 hours at http://198.51.100.7/billing/confirm to avoid legal action. Thanks.,1
Security alert: unauthorized activity,FINAL NOTICE: confirm your identity and enter your password at http://acc0unt-update.example.xyz/login. Act now!!! Have a good day.,1
URGENT: Verify your account now,"Dear user, please buy gift cards and send the codes right away. This is urgent and confidential.",1
Final notice: confirm your identity,Security code required. Sign in to verify your account: http://bit.ly/fake-demo-link or it will be permanently locked.,1
Lunch on Friday?,"Dear students, the lecture on Monday is rescheduled to Wednesday. Slides are on the course page https://university.example.edu/course. Thanks.",0
Your account will be suspended,FINAL NOTICE: confirm your identity and enter your password at http://acc0unt-update.example.xyz/login. Act now!!! Have a good day.,1
Team meeting notes,"Hi Priya, attaching the notes from today's meeting. Let me know if I missed anything. Thanks, Sam Regards.",0
URGENT: Verify your account now,Security code required. Sign in to verify your account: http://bit.ly/fake-demo-link or it will be permanently locked. Please reply.,1
Class schedule change,"Hi Alex, thanks for the quick review. I'll merge the changes tomorrow morning. Please reply.",0
Team meeting notes,"Dear students, the lecture on Monday is rescheduled to Wednesday. Slides are on the course page https://university.example.edu/course. Please reply.",0
Re: Question about the assignment,"Hello team, the project demo is moved to Thursday at 3 PM in room 204. See you there. Regards.",0
Project update for week 12,"Dear students, the lecture on Monday is rescheduled to Wednesday. Slides are on the course page https://university.example.edu/course.",0
Re: Question about the assignment,"Hello team, the project demo is moved to Thursday at 3 PM in room 204. See you there. Please reply.",0
Payment failed - update billing,Your payment failed. Update your billing details within 24 hours at http://198.51.100.7/billing/confirm to avoid legal action.,1
Team meeting notes,"Hey, are you free for lunch on Friday? There's a new place near campus.",0
Invoice attached - immediate action,Security code required. Sign in to verify your account: http://bit.ly/fake-demo-link or it will be permanently locked. Have a good day.,1
Congratulations! You have won a prize,"Dear customer, we detected unauthorized activity. Verify your account immediately: http://secure-login-verify.example.test/signin or your account will be suspended. Please reply.",1
Congratulations! You have won a prize,Your payment failed. Update your billing details within 24 hours at http://198.51.100.7/billing/confirm to avoid legal action. Please reply.,1
Lunch on Friday?,"Hi, your order #4821 has shipped and should arrive in 3 days. Track it at https://shop.example.com/orders/4821.",0
Your account will be suspended,"Dear customer, we detected unauthorized activity. Verify your account immediately: http://secure-login-verify.example.test/signin or your account will be suspended. Have a good day.",1
Final notice: confirm your identity,"Dear customer, we detected unauthorized activity. Verify your account immediately: http://secure-login-verify.example.test/signin or your account will be suspended. Regards.",1
Monthly newsletter,"Hello team, the project demo is moved to Thursday at 3 PM in room 204. See you there. Please reply.",0
Security alert: unauthorized activity,Your payment failed. Update your billing details within 24 hours at http://198.51.100.7/billing/confirm to avoid legal action.,1
Security alert: unauthorized activity,"Congratulations! You have won a free gift. Claim your prize now, send your bank details and password to confirm.",1
Congratulations! You have won a prize,"Dear customer, we detected unauthorized activity. Verify your account immediately: http://secure-login-verify.example.test/signin or your account will be suspended. Have a good day.",1
Team meeting notes,"Hi Priya, attaching the notes from today's meeting. Let me know if I missed anything. Thanks, Sam Please reply.",0
Payment failed - update billing,"Dear user, please buy gift cards and send the codes right away. This is urgent and confidential. Please reply.",1
Project update for week 12,"Hi, your order #4821 has shipped and should arrive in 3 days. Track it at https://shop.example.com/orders/4821.",0
URGENT: Verify your account now,"Dear customer, we detected unauthorized activity. Verify your account immediately: http://secure-login-verify.example.test/signin or your account will be suspended. Thanks.",1
Project update for week 12,"Hey, are you free for lunch on Friday? There's a new place near campus. Please reply.",0
Re: Question about the assignment,"Hi Alex, thanks for the quick review. I'll merge the changes tomorrow morning. Thanks.",0
Payment failed - update billing,"Dear user, please buy gift cards and send the codes right away. This is urgent and confidential. Regards.",1
Security alert: unauthorized activity,FINAL NOTICE: confirm your identity and enter your password at http://acc0unt-update.example.xyz/login. Act now!!! Regards.,1
Project update for week 12,"Dear students, the lecture on Monday is rescheduled to Wednesday. Slides are on the course page https://university.example.edu/course.",0
Project update for week 12,"Hey, are you free for lunch on Friday? There's a new place near campus. Please reply.",0
Class schedule change,"Hi Alex, thanks for the quick review. I'll merge the changes tomorrow morning. Regards.",0
Project update for week 12,"Hey, are you free for lunch on Friday? There's a new place near campus. Please reply.",0
Your order has shipped,"Hi Alex, thanks for the quick review. I'll merge the changes tomorrow morning. Regards.",0
Team meeting notes,"Hi Priya, attaching the notes from today's meeting. Let me know if I missed anything. Thanks, Sam Have a good day.",0
Your account will be suspended,Your payment failed. Update your billing details within 24 hours at http://198.51.100.7/billing/confirm to avoid legal action. Regards.,1
Payment failed - update billing,Your payment failed. Update your billing details within 24 hours at http://198.51.100.7/billing/confirm to avoid legal action. Thanks.,1
Your account will be suspended,"Dear customer, we detected unauthorized activity. Verify your account immediately: http://secure-login-verify.example.test/signin or your account will be suspended.",1
URGENT: Verify your account now,Your payment failed. Update your billing details within 24 hours at http://198.51.100.7/billing/confirm to avoid legal action. Please reply.,1
Invoice attached - immediate action,Security code required. Sign in to verify your account: http://bit.ly/fake-demo-link or it will be permanently locked. Regards.,1
Project update for week 12,"Hi Priya, attaching the notes from today's meeting. Let me know if I missed anything. Thanks, Sam Please reply.",0
Your order has shipped,"Hi, your order #4821 has shipped and should arrive in 3 days. Track it at https://shop.example.com/orders/4821. Thanks.",0
Re: Question about the assignment,"Hello team, the project demo is moved to Thursday at 3 PM in room 204. See you there. Have a good day.",0
Monthly newsletter,"Dear students, the lecture on Monday is rescheduled to Wednesday. Slides are on the course page https://university.example.edu/course. Regards.",0
Lunch on Friday?,"Hey, are you free for lunch on Friday? There's a new place near campus. Have a good day.",0
Monthly newsletter,"Hi Alex, thanks for the quick review. I'll merge the changes tomorrow morning. Please reply.",0
Congratulations! You have won a prize,Your payment failed. Update your billing details within 24 hours at http://198.51.100.7/billing/confirm to avoid legal action. Please reply.,1
Monthly newsletter,"Hi Priya, attaching the notes from today's meeting. Let me know if I missed anything. Thanks, Sam Thanks.",0
Final notice: confirm your identity,Security code required. Sign in to verify your account: http://bit.ly/fake-demo-link or it will be permanently locked. Thanks.,1
Class schedule change,"Hi, your order #4821 has shipped and should arrive in 3 days. Track it at https://shop.example.com/orders/4821.",0
Your order has shipped,"Hey, are you free for lunch on Friday? There's a new place near campus. Please reply.",0
Project update for week 12,"Hi, your order #4821 has shipped and should arrive in 3 days. Track it at https://shop.example.com/orders/4821. Regards.",0
Re: Question about the assignment,"Hey, are you free for lunch on Friday? There's a new place near campus.",0
URGENT: Verify your account now,"Dear user, please buy gift cards and send the codes right away. This is urgent and confidential. Regards.",1
Project update for week 12,"Hi Alex, thanks for the quick review. I'll merge the changes tomorrow morning. Have a good day.",0
Invoice attached - immediate action,"Congratulations! You have won a free gift. Claim your prize now, send your bank details and password to confirm. Have a good day.",1
Class schedule change,"Hi Priya, attaching the notes from today's meeting. Let me know if I missed anything. Thanks, Sam Thanks.",0
Invoice attached - immediate action,Security code required. Sign in to verify your account: http://bit.ly/fake-demo-link or it will be permanently locked. Thanks.,1
Class schedule change,"Hi, your order #4821 has shipped and should arrive in 3 days. Track it at https://shop.example.com/orders/4821. Thanks.",0
Team meeting notes,"Hi Alex, thanks for the quick review. I'll merge the changes tomorrow morning. Thanks.",0
Your account will be suspended,Security code required. Sign in to verify your account: http://bit.ly/fake-demo-link or it will be permanently locked. Please reply.,1
Monthly newsletter,"Hi, your order #4821 has shipped and should arrive in 3 days. Track it at https://shop.example.com/orders/4821.",0
Invoice attached - immediate action,FINAL NOTICE: confirm your identity and enter your password at http://acc0unt-update.example.xyz/login. Act now!!! Have a good day.,1
Your order has shipped,"Hello team, the project demo is moved to Thursday at 3 PM in room 204. See you there. Regards.",0
Congratulations! You have won a prize,Security code required. Sign in to verify your account: http://bit.ly/fake-demo-link or it will be permanently locked. Have a good day.,1
Invoice attached - immediate action,"Dear customer, we detected unauthorized activity. Verify your account immediately: http://secure-login-verify.example.test/signin or your account will be suspended. Have a good day.",1
Invoice attached - immediate action,Your payment failed. Update your billing details within 24 hours at http://198.51.100.7/billing/confirm to avoid legal action. Regards.,1
URGENT: Verify your account now,Security code required. Sign in to verify your account: http://bit.ly/fake-demo-link or it will be permanently locked. Have a good day.,1
Your order has shipped,"Dear students, the lecture on Monday is rescheduled to Wednesday. Slides are on the course page https://university.example.edu/course. Please reply.",0
Your order has shipped,"Dear students, the lecture on Monday is rescheduled to Wednesday. Slides are on the course page https://university.example.edu/course. Have a good day.",0
Class schedule change,"Dear students, the lecture on Monday is rescheduled to Wednesday. Slides are on the course page https://university.example.edu/course. Thanks.",0
Re: Question about the assignment,"Hey, are you free for lunch on Friday? There's a new place near campus. Regards.",0
Invoice attached - immediate action,Your payment failed. Update your billing details within 24 hours at http://198.51.100.7/billing/confirm to avoid legal action. Thanks.,1
Your order has shipped,"Hi, your order #4821 has shipped and should arrive in 3 days. Track it at https://shop.example.com/orders/4821. Thanks.",0
Class schedule change,"Hi, your order #4821 has shipped and should arrive in 3 days. Track it at https://shop.example.com/orders/4821. Please reply.",0
Team meeting notes,"Hi Alex, thanks for the quick review. I'll merge the changes tomorrow morning. Thanks.",0
Monthly newsletter,"Hi Alex, thanks for the quick review. I'll merge the changes tomorrow morning. Thanks.",0
Your account will be suspended,"Dear customer, we detected unauthorized activity. Verify your account immediately: http://secure-login-verify.example.test/signin or your account will be suspended. Thanks.",1
Your order has shipped,"Hi Priya, attaching the notes from today's meeting. Let me know if I missed anything. Thanks, Sam Have a good day.",0
Monthly newsletter,"Hi Priya, attaching the notes from today's meeting. Let me know if I missed anything. Thanks, Sam",0
Lunch on Friday?,"Dear students, the lecture on Monday is rescheduled to Wednesday. Slides are on the course page https://university.example.edu/course. Regards.",0
Your account will be suspended,Your payment failed. Update your billing details within 24 hours at http://198.51.100.7/billing/confirm to avoid legal action. Have a good day.,1
Your order has shipped,"Hi Alex, thanks for the quick review. I'll merge the changes tomorrow morning. Please reply.",0
Project update for week 12,"Hi Alex, thanks for the quick review. I'll merge the changes tomorrow morning.",0
Security alert: unauthorized activity,"Congratulations! You have won a free gift. Claim your prize now, send your bank details and password to confirm. Please reply.",1
Monthly newsletter,"Hi Alex, thanks for the quick review. I'll merge the changes tomorrow morning.",0
Final notice: confirm your identity,"Congratulations! You have won a free gift. Claim your prize now, send your bank details and password to confirm. Thanks.",1
Lunch on Friday?,"Hi Alex, thanks for the quick review. I'll merge the changes tomorrow morning. Please reply.",0
Monthly newsletter,"Hi, your order #4821 has shipped and should arrive in 3 days. Track it at https://shop.example.com/orders/4821.",0
Your account will be suspended,Your payment failed. Update your billing details within 24 hours at http://198.51.100.7/billing/confirm to avoid legal action. Thanks.,1
Your account will be suspended,Security code required. Sign in to verify your account: http://bit.ly/fake-demo-link or it will be permanently locked.,1
Class schedule change,"Hey, are you free for lunch on Friday? There's a new place near campus. Regards.",0
Project update for week 12,"Hi, your order #4821 has shipped and should arrive in 3 days. Track it at https://shop.example.com/orders/4821. Regards.",0
Invoice attached - immediate action,"Dear customer, we detected unauthorized activity. Verify your account immediately: http://secure-login-verify.example.test/signin or your account will be suspended.",1
Congratulations! You have won a prize,Security code required. Sign in to verify your account: http://bit.ly/fake-demo-link or it will be permanently locked. Please reply.,1
URGENT: Verify your account now,"Dear user, please buy gift cards and send the codes right away. This is urgent and confidential. Regards.",1
Class schedule change,"Hi Alex, thanks for the quick review. I'll merge the changes tomorrow morning. Have a good day.",0
Team meeting notes,"Hello team, the project demo is moved to Thursday at 3 PM in room 204. See you there. Regards.",0
Class schedule change,"Dear students, the lecture on Monday is rescheduled to Wednesday. Slides are on the course page https://university.example.edu/course. Regards.",0
Invoice attached - immediate action,Security code required. Sign in to verify your account: http://bit.ly/fake-demo-link or it will be permanently locked.,1
URGENT: Verify your account now,FINAL NOTICE: confirm your identity and enter your password at http://acc0unt-update.example.xyz/login. Act now!!! Have a good day.,1
Payment failed - update billing,FINAL NOTICE: confirm your identity and enter your password at http://acc0unt-update.example.xyz/login. Act now!!! Please reply.,1
Invoice attached - immediate action,FINAL NOTICE: confirm your identity and enter your password at http://acc0unt-update.example.xyz/login. Act now!!! Please reply.,1
Security alert: unauthorized activity,Security code required. Sign in to verify your account: http://bit.ly/fake-demo-link or it will be permanently locked. Have a good day.,1
Security alert: unauthorized activity,Your payment failed. Update your billing details within 24 hours at http://198.51.100.7/billing/confirm to avoid legal action. Have a good day.,1
Re: Question about the assignment,"Hello team, the project demo is moved to Thursday at 3 PM in room 204. See you there. Thanks.",0
Lunch on Friday?,"Hey, are you free for lunch on Friday? There's a new place near campus. Have a good day.",0
URGENT: Verify your account now,"Dear customer, we detected unauthorized activity. Verify your account immediately: http://secure-login-verify.example.test/signin or your account will be suspended. Please reply.",1
Security alert: unauthorized activity,"Congratulations! You have won a free gift. Claim your prize now, send your bank details and password to confirm. Regards.",1
Security alert: unauthorized activity,"Dear customer, we detected unauthorized activity. Verify your account immediately: http://secure-login-verify.example.test/signin or your account will be suspended.",1
Team meeting notes,"Hi Priya, attaching the notes from today's meeting. Let me know if I missed anything. Thanks, Sam",0
Team meeting notes,"Dear students, the lecture on Monday is rescheduled to Wednesday. Slides are on the course page https://university.example.edu/course.",0
Team meeting notes,"Hi, your order #4821 has shipped and should arrive in 3 days. Track it at https://shop.example.com/orders/4821. Have a good day.",0
Project update for week 12,"Hi Priya, attaching the notes from today's meeting. Let me know if I missed anything. Thanks, Sam Thanks.",0
URGENT: Verify your account now,"Dear user, please buy gift cards and send the codes right away. This is urgent and confidential. Have a good day.",1
Re: Question about the assignment,"Hi Alex, thanks for the quick review. I'll merge the changes tomorrow morning. Have a good day.",0
URGENT: Verify your account now,FINAL NOTICE: confirm your identity and enter your password at http://acc0unt-update.example.xyz/login. Act now!!! Have a good day.,1
Lunch on Friday?,"Hey, are you free for lunch on Friday? There's a new place near campus. Have a good day.",0
Security alert: unauthorized activity,FINAL NOTICE: confirm your identity and enter your password at http://acc0unt-update.example.xyz/login. Act now!!! Thanks.,1
Team meeting notes,"Hello team, the project demo is moved to Thursday at 3 PM in room 204. See you there. Regards.",0
Re: Question about the assignment,"Hi Priya, attaching the notes from today's meeting. Let me know if I missed anything. Thanks, Sam Have a good day.",0
Congratulations! You have won a prize,FINAL NOTICE: confirm your identity and enter your password at http://acc0unt-update.example.xyz/login. Act now!!! Thanks.,1
Congratulations! You have won a prize,"Congratulations! You have won a free gift. Claim your prize now, send your bank details and password to confirm.",1
Monthly newsletter,"Hi Priya, attaching the notes from today's meeting. Let me know if I missed anything. Thanks, Sam Regards.",0
Monthly newsletter,"Hello team, the project demo is moved to Thursday at 3 PM in room 204. See you there. Regards.",0
Monthly newsletter,"Hi, your order #4821 has shipped and should arrive in 3 days. Track it at https://shop.example.com/orders/4821. Have a good day.",0
Final notice: confirm your identity,FINAL NOTICE: confirm your identity and enter your password at http://acc0unt-update.example.xyz/login. Act now!!! Thanks.,1
Your order has shipped,"Hi Alex, thanks for the quick review. I'll merge the changes tomorrow morning.",0
Invoice attached - immediate action,"Dear customer, we detected unauthorized activity. Verify your account immediately: http://secure-login-verify.example.test/signin or your account will be suspended. Thanks.",1
Payment failed - update billing,FINAL NOTICE: confirm your identity and enter your password at http://acc0unt-update.example.xyz/login. Act now!!!,1
Security alert: unauthorized activity,Security code required. Sign in to verify your account: http://bit.ly/fake-demo-link or it will be permanently locked. Thanks.,1
Security alert: unauthorized activity,"Dear user, please buy gift cards and send the codes right away. This is urgent and confidential. Please reply.",1
Class schedule change,"Hi Priya, attaching the notes from today's meeting. Let me know if I missed anything. Thanks, Sam Have a good day.",0
Security alert: unauthorized activity,"Dear customer, we detected unauthorized activity. Verify your account immediately: http://secure-login-verify.example.test/signin or your account will be suspended. Have a good day.",1
Monthly newsletter,"Dear students, the lecture on Monday is rescheduled to Wednesday. Slides are on the course page https://university.example.edu/course. Thanks.",0
Project update for week 12,"Hi Priya, attaching the notes from today's meeting. Let me know if I missed anything. Thanks, Sam Thanks.",0
Security alert: unauthorized activity,"Dear user, please buy gift cards and send the codes right away. This is urgent and confidential. Thanks.",1
Monthly newsletter,"Dear students, the lecture on Monday is rescheduled to Wednesday. Slides are on the course page https://university.example.edu/course. Thanks.",0
Final notice: confirm your identity,"Dear customer, we detected unauthorized activity. Verify your account immediately: http://secure-login-verify.example.test/signin or your account will be suspended.",1
Security alert: unauthorized activity,"Dear user, please buy gift cards and send the codes right away. This is urgent and confidential. Please reply.",1
Class schedule change,"Dear students, the lecture on Monday is rescheduled to Wednesday. Slides are on the course page https://university.example.edu/course. Thanks.",0
Invoice attached - immediate action,"Dear user, please buy gift cards and send the codes right away. This is urgent and confidential. Please reply.",1
Security alert: unauthorized activity,Security code required. Sign in to verify your account: http://bit.ly/fake-demo-link or it will be permanently locked. Have a good day.,1
Final notice: confirm your identity,FINAL NOTICE: confirm your identity and enter your password at http://acc0unt-update.example.xyz/login. Act now!!! Please reply.,1
Your account will be suspended,"Dear user, please buy gift cards and send the codes right away. This is urgent and confidential. Have a good day.",1
Team meeting notes,"Hi, your order #4821 has shipped and should arrive in 3 days. Track it at https://shop.example.com/orders/4821. Have a good day.",0
Your account will be suspended,Security code required. Sign in to verify your account: http://bit.ly/fake-demo-link or it will be permanently locked. Have a good day.,1
Congratulations! You have won a prize,FINAL NOTICE: confirm your identity and enter your password at http://acc0unt-update.example.xyz/login. Act now!!! Regards.,1
Re: Question about the assignment,"Dear students, the lecture on Monday is rescheduled to Wednesday. Slides are on the course page https://university.example.edu/course. Please reply.",0
URGENT: Verify your account now,"Congratulations! You have won a free gift. Claim your prize now, send your bank details and password to confirm. Thanks.",1
Lunch on Friday?,"Hi, your order #4821 has shipped and should arrive in 3 days. Track it at https://shop.example.com/orders/4821. Thanks.",0
Payment failed - update billing,Security code required. Sign in to verify your account: http://bit.ly/fake-demo-link or it will be permanently locked. Have a good day.,1
Security alert: unauthorized activity,"Dear user, please buy gift cards and send the codes right away. This is urgent and confidential.",1
Re: Question about the assignment,"Hi Priya, attaching the notes from today's meeting. Let me know if I missed anything. Thanks, Sam Have a good day.",0
Team meeting notes,"Dear students, the lecture on Monday is rescheduled to Wednesday. Slides are on the course page https://university.example.edu/course. Please reply.",0
Lunch on Friday?,"Hello team, the project demo is moved to Thursday at 3 PM in room 204. See you there. Have a good day.",0
Re: Question about the assignment,"Hi Alex, thanks for the quick review. I'll merge the changes tomorrow morning. Please reply.",0
Invoice attached - immediate action,Your payment failed. Update your billing details within 24 hours at http://198.51.100.7/billing/confirm to avoid legal action.,1
Payment failed - update billing,Your payment failed. Update your billing details within 24 hours at http://198.51.100.7/billing/confirm to avoid legal action. Have a good day.,1
Project update for week 12,"Hi Priya, attaching the notes from today's meeting. Let me know if I missed anything. Thanks, Sam Thanks.",0
Class schedule change,"Hi, your order #4821 has shipped and should arrive in 3 days. Track it at https://shop.example.com/orders/4821. Thanks.",0
URGENT: Verify your account now,"Dear customer, we detected unauthorized activity. Verify your account immediately: http://secure-login-verify.example.test/signin or your account will be suspended. Regards.",1
Your account will be suspended,FINAL NOTICE: confirm your identity and enter your password at http://acc0unt-update.example.xyz/login. Act now!!!,1
Congratulations! You have won a prize,"Dear user, please buy gift cards and send the codes right away. This is urgent and confidential. Regards.",1
Your order has shipped,"Dear students, the lecture on Monday is rescheduled to Wednesday. Slides are on the course page https://university.example.edu/course. Thanks.",0
Project update for week 12,"Hi Priya, attaching the notes from today's meeting. Let me know if I missed anything. Thanks, Sam Thanks.",0
Final notice: confirm your identity,"Congratulations! You have won a free gift. Claim your prize now, send your bank details and password to confirm. Have a good day.",1
Final notice: confirm your identity,Security code required. Sign in to verify your account: http://bit.ly/fake-demo-link or it will be permanently locked. Regards.,1
Final notice: confirm your identity,Security code required. Sign in to verify your account: http://bit.ly/fake-demo-link or it will be permanently locked. Please reply.,1
Congratulations! You have won a prize,Your payment failed. Update your billing details within 24 hours at http://198.51.100.7/billing/confirm to avoid legal action. Have a good day.,1
Class schedule change,"Hi Priya, attaching the notes from today's meeting. Let me know if I missed anything. Thanks, Sam",0
Re: Question about the assignment,"Dear students, the lecture on Monday is rescheduled to Wednesday. Slides are on the course page https://university.example.edu/course. Regards.",0
Your account will be suspended,Your payment failed. Update your billing details within 24 hours at http://198.51.100.7/billing/confirm to avoid legal action.,1
Project update for week 12,"Hi Priya, attaching the notes from today's meeting. Let me know if I missed anything. Thanks, Sam",0
Class schedule change,"Hello team, the project demo is moved to Thursday at 3 PM in room 204. See you there. Thanks.",0
Your order has shipped,"Hey, are you free for lunch on Friday? There's a new place near campus.",0
Your order has shipped,"Dear students, the lecture on Monday is rescheduled to Wednesday. Slides are on the course page https://university.example.edu/course. Please reply.",0
Final notice: confirm your identity,FINAL NOTICE: confirm your identity and enter your password at http://acc0unt-update.example.xyz/login. Act now!!! Have a good day.,1
Team meeting notes,"Hey, are you free for lunch on Friday? There's a new place near campus. Regards.",0
Monthly newsletter,"Hi Alex, thanks for the quick review. I'll merge the changes tomorrow morning. Thanks.",0
Final notice: confirm your identity,FINAL NOTICE: confirm your identity and enter your password at http://acc0unt-update.example.xyz/login. Act now!!! Regards.,1
Your order has shipped,"Dear students, the lecture on Monday is rescheduled to Wednesday. Slides are on the course page https://university.example.edu/course. Thanks.",0
Lunch on Friday?,"Hi Alex, thanks for the quick review. I'll merge the changes tomorrow morning.",0
Your account will be suspended,"Dear user, please buy gift cards and send the codes right away. This is urgent and confidential. Thanks.",1
Invoice attached - immediate action,"Dear customer, we detected unauthorized activity. Verify your account immediately: http://secure-login-verify.example.test/signin or your account will be suspended. Regards.",1
Project update for week 12,"Dear students, the lecture on Monday is rescheduled to Wednesday. Slides are on the course page https://university.example.edu/course. Have a good day.",0
Your order has shipped,"Hi, your order #4821 has shipped and should arrive in 3 days. Track it at https://shop.example.com/orders/4821. Regards.",0
Security alert: unauthorized activity,"Dear user, please buy gift cards and send the codes right away. This is urgent and confidential. Please reply.",1
Final notice: confirm your identity,"Congratulations! You have won a free gift. Claim your prize now, send your bank details and password to confirm. Please reply.",1
URGENT: Verify your account now,FINAL NOTICE: confirm your identity and enter your password at http://acc0unt-update.example.xyz/login. Act now!!!,1
Final notice: confirm your identity,"Congratulations! You have won a free gift. Claim your prize now, send your bank details and password to confirm.",1
Your order has shipped,"Hi Alex, thanks for the quick review. I'll merge the changes tomorrow morning. Regards.",0
Your account will be suspended,Security code required. Sign in to verify your account: http://bit.ly/fake-demo-link or it will be permanently locked. Have a good day.,1
Final notice: confirm your identity,"Congratulations! You have won a free gift. Claim your prize now, send your bank details and password to confirm. Please reply.",1
Security alert: unauthorized activity,"Dear customer, we detected unauthorized activity. Verify your account immediately: http://secure-login-verify.example.test/signin or your account will be suspended. Have a good day.",1
Security alert: unauthorized activity,Security code required. Sign in to verify your account: http://bit.ly/fake-demo-link or it will be permanently locked. Please reply.,1
Lunch on Friday?,"Hello team, the project demo is moved to Thursday at 3 PM in room 204. See you there.",0
Lunch on Friday?,"Hi, your order #4821 has shipped and should arrive in 3 days. Track it at https://shop.example.com/orders/4821. Thanks.",0
Payment failed - update billing,"Congratulations! You have won a free gift. Claim your prize now, send your bank details and password to confirm. Thanks.",1
Your account will be suspended,Your payment failed. Update your billing details within 24 hours at http://198.51.100.7/billing/confirm to avoid legal action. Have a good day.,1
Your account will be suspended,"Congratulations! You have won a free gift. Claim your prize now, send your bank details and password to confirm.",1
Final notice: confirm your identity,"Congratulations! You have won a free gift. Claim your prize now, send your bank details and password to confirm. Please reply.",1
Monthly newsletter,"Hey, are you free for lunch on Friday? There's a new place near campus. Please reply.",0
Final notice: confirm your identity,"Dear user, please buy gift cards and send the codes right away. This is urgent and confidential.",1
Invoice attached - immediate action,"Dear customer, we detected unauthorized activity. Verify your account immediately: http://secure-login-verify.example.test/signin or your account will be suspended.",1
Invoice attached - immediate action,"Dear user, please buy gift cards and send the codes right away. This is urgent and confidential. Please reply.",1
Team meeting notes,"Hello team, the project demo is moved to Thursday at 3 PM in room 204. See you there. Please reply.",0
Team meeting notes,"Dear students, the lecture on Monday is rescheduled to Wednesday. Slides are on the course page https://university.example.edu/course.",0
Final notice: confirm your identity,Your payment failed. Update your billing details within 24 hours at http://198.51.100.7/billing/confirm to avoid legal action.,1
Your account will be suspended,"Congratulations! You have won a free gift. Claim your prize now, send your bank details and password to confirm.",1
Re: Question about the assignment,"Hi, your order #4821 has shipped and should arrive in 3 days. Track it at https://shop.example.com/orders/4821. Thanks.",0
Lunch on Friday?,"Hey, are you free for lunch on Friday? There's a new place near campus. Thanks.",0
Your order has shipped,"Hi, your order #4821 has shipped and should arrive in 3 days. Track it at https://shop.example.com/orders/4821. Thanks.",0
Project update for week 12,"Hi Alex, thanks for the quick review. I'll merge the changes tomorrow morning. Thanks.",0
Monthly newsletter,"Hi, your order #4821 has shipped and should arrive in 3 days. Track it at https://shop.example.com/orders/4821. Regards.",0
Final notice: confirm your identity,Security code required. Sign in to verify your account: http://bit.ly/fake-demo-link or it will be permanently locked.,1
Team meeting notes,"Hey, are you free for lunch on Friday? There's a new place near campus. Regards.",0
Invoice attached - immediate action,"Dear customer, we detected unauthorized activity. Verify your account immediately: http://secure-login-verify.example.test/signin or your account will be suspended.",1
Payment failed - update billing,"Congratulations! You have won a free gift. Claim your prize now, send your bank details and password to confirm. Thanks.",1
Congratulations! You have won a prize,Your payment failed. Update your billing details within 24 hours at http://198.51.100.7/billing/confirm to avoid legal action. Thanks.,1
Congratulations! You have won a prize,Security code required. Sign in to verify your account: http://bit.ly/fake-demo-link or it will be permanently locked.,1
Class schedule change,"Dear students, the lecture on Monday is rescheduled to Wednesday. Slides are on the course page https://university.example.edu/course. Have a good day.",0
Final notice: confirm your identity,"Congratulations! You have won a free gift. Claim your prize now, send your bank details and password to confirm. Thanks.",1
Security alert: unauthorized activity,"Congratulations! You have won a free gift. Claim your prize now, send your bank details and password to confirm.",1
Lunch on Friday?,"Hi Priya, attaching the notes from today's meeting. Let me know if I missed anything. Thanks, Sam Have a good day.",0
Project update for week 12,"Hi Alex, thanks for the quick review. I'll merge the changes tomorrow morning. Have a good day.",0
Re: Question about the assignment,"Hi Priya, attaching the notes from today's meeting. Let me know if I missed anything. Thanks, Sam Please reply.",0
URGENT: Verify your account now,Security code required. Sign in to verify your account: http://bit.ly/fake-demo-link or it will be permanently locked. Have a good day.,1
Project update for week 12,"Dear students, the lecture on Monday is rescheduled to Wednesday. Slides are on the course page https://university.example.edu/course. Regards.",0
URGENT: Verify your account now,Security code required. Sign in to verify your account: http://bit.ly/fake-demo-link or it will be permanently locked.,1
Your account will be suspended,"Dear customer, we detected unauthorized activity. Verify your account immediately: http://secure-login-verify.example.test/signin or your account will be suspended. Please reply.",1
URGENT: Verify your account now,Security code required. Sign in to verify your account: http://bit.ly/fake-demo-link or it will be permanently locked. Regards.,1
Invoice attached - immediate action,"Dear customer, we detected unauthorized activity. Verify your account immediately: http://secure-login-verify.example.test/signin or your account will be suspended. Thanks.",1
Payment failed - update billing,"Congratulations! You have won a free gift. Claim your prize now, send your bank details and password to confirm. Thanks.",1
Re: Question about the assignment,"Hello team, the project demo is moved to Thursday at 3 PM in room 204. See you there. Please reply.",0
Class schedule change,"Dear students, the lecture on Monday is rescheduled to Wednesday. Slides are on the course page https://university.example.edu/course. Regards.",0
Re: Question about the assignment,"Dear students, the lecture on Monday is rescheduled to Wednesday. Slides are on the course page https://university.example.edu/course. Have a good day.",0
Security alert: unauthorized activity,"Dear customer, we detected unauthorized activity. Verify your account immediately: http://secure-login-verify.example.test/signin or your account will be suspended. Regards.",1
Security alert: unauthorized activity,"Dear customer, we detected unauthorized activity. Verify your account immediately: http://secure-login-verify.example.test/signin or your account will be suspended. Regards.",1
Congratulations! You have won a prize,"Dear customer, we detected unauthorized activity. Verify your account immediately: http://secure-login-verify.example.test/signin or your account will be suspended. Have a good day.",1
Monthly newsletter,"Hello team, the project demo is moved to Thursday at 3 PM in room 204. See you there. Regards.",0
Payment failed - update billing,Security code required. Sign in to verify your account: http://bit.ly/fake-demo-link or it will be permanently locked. Please reply.,1
Your account will be suspended,"Congratulations! You have won a free gift. Claim your prize now, send your bank details and password to confirm. Please reply.",1
Team meeting notes,"Hi, your order #4821 has shipped and should arrive in 3 days. Track it at https://shop.example.com/orders/4821. Thanks.",0
Security alert: unauthorized activity,Your payment failed. Update your billing details within 24 hours at http://198.51.100.7/billing/confirm to avoid legal action. Regards.,1
Team meeting notes,"Hey, are you free for lunch on Friday? There's a new place near campus.",0
Re: Question about the assignment,"Dear students, the lecture on Monday is rescheduled to Wednesday. Slides are on the course page https://university.example.edu/course. Regards.",0
Lunch on Friday?,"Hi, your order #4821 has shipped and should arrive in 3 days. Track it at https://shop.example.com/orders/4821.",0
URGENT: Verify your account now,"Dear user, please buy gift cards and send the codes right away. This is urgent and confidential.",1
Invoice attached - immediate action,"Dear customer, we detected unauthorized activity. Verify your account immediately: http://secure-login-verify.example.test/signin or your account will be suspended. Regards.",1
Congratulations! You have won a prize,"Dear customer, we detected unauthorized activity. Verify your account immediately: http://secure-login-verify.example.test/signin or your account will be suspended. Thanks.",1
Security alert: unauthorized activity,Security code required. Sign in to verify your account: http://bit.ly/fake-demo-link or it will be permanently locked. Thanks.,1
Team meeting notes,"Hi Priya, attaching the notes from today's meeting. Let me know if I missed anything. Thanks, Sam Thanks.",0
Class schedule change,"Hey, are you free for lunch on Friday? There's a new place near campus.",0
Your order has shipped,"Hi Alex, thanks for the quick review. I'll merge the changes tomorrow morning.",0
Invoice attached - immediate action,"Dear customer, we detected unauthorized activity. Verify your account immediately: http://secure-login-verify.example.test/signin or your account will be suspended.",1
Project update for week 12,"Hello team, the project demo is moved to Thursday at 3 PM in room 204. See you there. Regards.",0
Payment failed - update billing,"Dear user, please buy gift cards and send the codes right away. This is urgent and confidential.",1
Your account will be suspended,"Dear user, please buy gift cards and send the codes right away. This is urgent and confidential. Have a good day.",1
Project update for week 12,"Hi Alex, thanks for the quick review. I'll merge the changes tomorrow morning. Please reply.",0
Team meeting notes,"Hey, are you free for lunch on Friday? There's a new place near campus.",0
Payment failed - update billing,Security code required. Sign in to verify your account: http://bit.ly/fake-demo-link or it will be permanently locked.,1
Your account will be suspended,Security code required. Sign in to verify your account: http://bit.ly/fake-demo-link or it will be permanently locked.,1
URGENT: Verify your account now,Security code required. Sign in to verify your account: http://bit.ly/fake-demo-link or it will be permanently locked. Thanks.,1
Final notice: confirm your identity,Your payment failed. Update your billing details within 24 hours at http://198.51.100.7/billing/confirm to avoid legal action. Regards.,1
Re: Question about the assignment,"Dear students, the lecture on Monday is rescheduled to Wednesday. Slides are on the course page https://university.example.edu/course.",0
Invoice attached - immediate action,"Congratulations! You have won a free gift. Claim your prize now, send your bank details and password to confirm.",1
Project update for week 12,"Hey, are you free for lunch on Friday? There's a new place near campus.",0
Team meeting notes,"Hey, are you free for lunch on Friday? There's a new place near campus. Regards.",0
Project update for week 12,"Hey, are you free for lunch on Friday? There's a new place near campus. Please reply.",0
Re: Question about the assignment,"Hi, your order #4821 has shipped and should arrive in 3 days. Track it at https://shop.example.com/orders/4821.",0
Class schedule change,"Dear students, the lecture on Monday is rescheduled to Wednesday. Slides are on the course page https://university.example.edu/course. Please reply.",0
Team meeting notes,"Hi Priya, attaching the notes from today's meeting. Let me know if I missed anything. Thanks, Sam Regards.",0
Re: Question about the assignment,"Hi Alex, thanks for the quick review. I'll merge the changes tomorrow morning. Regards.",0
Your order has shipped,"Dear students, the lecture on Monday is rescheduled to Wednesday. Slides are on the course page https://university.example.edu/course. Have a good day.",0
Monthly newsletter,"Hi Priya, attaching the notes from today's meeting. Let me know if I missed anything. Thanks, Sam Regards.",0
Team meeting notes,"Hi Alex, thanks for the quick review. I'll merge the changes tomorrow morning. Have a good day.",0
Lunch on Friday?,"Hi Priya, attaching the notes from today's meeting. Let me know if I missed anything. Thanks, Sam Thanks.",0
Monthly newsletter,"Hi, your order #4821 has shipped and should arrive in 3 days. Track it at https://shop.example.com/orders/4821. Regards.",0
Class schedule change,"Hi, your order #4821 has shipped and should arrive in 3 days. Track it at https://shop.example.com/orders/4821. Thanks.",0
Team meeting notes,"Hi, your order #4821 has shipped and should arrive in 3 days. Track it at https://shop.example.com/orders/4821. Thanks.",0
Monthly newsletter,"Hey, are you free for lunch on Friday? There's a new place near campus. Thanks.",0
Payment failed - update billing,Security code required. Sign in to verify your account: http://bit.ly/fake-demo-link or it will be permanently locked. Have a good day.,1
Team meeting notes,"Hey, are you free for lunch on Friday? There's a new place near campus. Please reply.",0
Invoice attached - immediate action,Security code required. Sign in to verify your account: http://bit.ly/fake-demo-link or it will be permanently locked. Have a good day.,1
URGENT: Verify your account now,"Dear user, please buy gift cards and send the codes right away. This is urgent and confidential. Thanks.",1
Lunch on Friday?,"Hello team, the project demo is moved to Thursday at 3 PM in room 204. See you there. Please reply.",0
Project update for week 12,"Dear students, the lecture on Monday is rescheduled to Wednesday. Slides are on the course page https://university.example.edu/course. Thanks.",0
Project update for week 12,"Hi, your order #4821 has shipped and should arrive in 3 days. Track it at https://shop.example.com/orders/4821. Please reply.",0
URGENT: Verify your account now,FINAL NOTICE: confirm your identity and enter your password at http://acc0unt-update.example.xyz/login. Act now!!! Please reply.,1
Re: Question about the assignment,"Dear students, the lecture on Monday is rescheduled to Wednesday. Slides are on the course page https://university.example.edu/course. Regards.",0
Your account will be suspended,Your payment failed. Update your billing details within 24 hours at http://198.51.100.7/billing/confirm to avoid legal action. Thanks.,1
Congratulations! You have won a prize,"Congratulations! You have won a free gift. Claim your prize now, send your bank details and password to confirm. Have a good day.",1
Class schedule change,"Hey, are you free for lunch on Friday? There's a new place near campus. Thanks.",0
Monthly newsletter,"Hello team, the project demo is moved to Thursday at 3 PM in room 204. See you there. Please reply.",0
Congratulations! You have won a prize,"Dear customer, we detected unauthorized activity. Verify your account immediately: http://secure-login-verify.example.test/signin or your account will be suspended.",1
Security alert: unauthorized activity,Security code required. Sign in to verify your account: http://bit.ly/fake-demo-link or it will be permanently locked. Please reply.,1
URGENT: Verify your account now,"Congratulations! You have won a free gift. Claim your prize now, send your bank details and password to confirm.",1
Invoice attached - immediate action,Your payment failed. Update your billing details within 24 hours at http://198.51.100.7/billing/confirm to avoid legal action. Thanks.,1
URGENT: Verify your account now,"Dear user, please buy gift cards and send the codes right away. This is urgent and confidential. Please reply.",1
Security alert: unauthorized activity,Your payment failed. Update your billing details within 24 hours at http://198.51.100.7/billing/confirm to avoid legal action. Please reply.,1
Your account will be suspended,FINAL NOTICE: confirm your identity and enter your password at http://acc0unt-update.example.xyz/login. Act now!!! Thanks.,1
Re: Question about the assignment,"Hi Priya, attaching the notes from today's meeting. Let me know if I missed anything. Thanks, Sam Regards.",0
Your order has shipped,"Hi, your order #4821 has shipped and should arrive in 3 days. Track it at https://shop.example.com/orders/4821.",0
Payment failed - update billing,"Dear customer, we detected unauthorized activity. Verify your account immediately: http://secure-login-verify.example.test/signin or your account will be suspended.",1
Payment failed - update billing,FINAL NOTICE: confirm your identity and enter your password at http://acc0unt-update.example.xyz/login. Act now!!! Have a good day.,1
Monthly newsletter,"Hi, your order #4821 has shipped and should arrive in 3 days. Track it at https://shop.example.com/orders/4821. Thanks.",0
Lunch on Friday?,"Dear students, the lecture on Monday is rescheduled to Wednesday. Slides are on the course page https://university.example.edu/course.",0
Final notice: confirm your identity,"Dear customer, we detected unauthorized activity. Verify your account immediately: http://secure-login-verify.example.test/signin or your account will be suspended. Regards.",1
Your order has shipped,"Hey, are you free for lunch on Friday? There's a new place near campus. Regards.",0
Security alert: unauthorized activity,Your payment failed. Update your billing details within 24 hours at http://198.51.100.7/billing/confirm to avoid legal action. Please reply.,1
Final notice: confirm your identity,"Congratulations! You have won a free gift. Claim your prize now, send your bank details and password to confirm. Have a good day.",1
Security alert: unauthorized activity,Security code required. Sign in to verify your account: http://bit.ly/fake-demo-link or it will be permanently locked.,1
Class schedule change,"Hello team, the project demo is moved to Thursday at 3 PM in room 204. See you there. Thanks.",0
URGENT: Verify your account now,FINAL NOTICE: confirm your identity and enter your password at http://acc0unt-update.example.xyz/login. Act now!!! Regards.,1
Congratulations! You have won a prize,"Dear customer, we detected unauthorized activity. Verify your account immediately: http://secure-login-verify.example.test/signin or your account will be suspended.",1
Lunch on Friday?,"Hello team, the project demo is moved to Thursday at 3 PM in room 204. See you there. Thanks.",0
Team meeting notes,"Hi Alex, thanks for the quick review. I'll merge the changes tomorrow morning. Thanks.",0
Monthly newsletter,"Dear students, the lecture on Monday is rescheduled to Wednesday. Slides are on the course page https://university.example.edu/course. Have a good day.",0
Re: Question about the assignment,"Dear students, the lecture on Monday is rescheduled to Wednesday. Slides are on the course page https://university.example.edu/course. Have a good day.",0
Payment failed - update billing,Your payment failed. Update your billing details within 24 hours at http://198.51.100.7/billing/confirm to avoid legal action. Regards.,1
Your order has shipped,"Hey, are you free for lunch on Friday? There's a new place near campus. Regards.",0
Your order has shipped,"Dear students, the lecture on Monday is rescheduled to Wednesday. Slides are on the course page https://university.example.edu/course. Regards.",0
Team meeting notes,"Hello team, the project demo is moved to Thursday at 3 PM in room 204. See you there. Have a good day.",0
Congratulations! You have won a prize,FINAL NOTICE: confirm your identity and enter your password at http://acc0unt-update.example.xyz/login. Act now!!! Regards.,1
Your account will be suspended,"Dear customer, we detected unauthorized activity. Verify your account immediately: http://secure-login-verify.example.test/signin or your account will be suspended.",1
Project update for week 12,"Hi Alex, thanks for the quick review. I'll merge the changes tomorrow morning. Regards.",0
Congratulations! You have won a prize,"Dear customer, we detected unauthorized activity. Verify your account immediately: http://secure-login-verify.example.test/signin or your account will be suspended. Regards.",1
Your account will be suspended,"Dear customer, we detected unauthorized activity. Verify your account immediately: http://secure-login-verify.example.test/signin or your account will be suspended. Have a good day.",1
Invoice attached - immediate action,"Congratulations! You have won a free gift. Claim your prize now, send your bank details and password to confirm. Regards.",1
Re: Question about the assignment,"Hi Priya, attaching the notes from today's meeting. Let me know if I missed anything. Thanks, Sam Regards.",0
Invoice attached - immediate action,"Dear customer, we detected unauthorized activity. Verify your account immediately: http://secure-login-verify.example.test/signin or your account will be suspended. Thanks.",1
Class schedule change,"Hi Priya, attaching the notes from today's meeting. Let me know if I missed anything. Thanks, Sam Thanks.",0
URGENT: Verify your account now,Your payment failed. Update your billing details within 24 hours at http://198.51.100.7/billing/confirm to avoid legal action. Have a good day.,1
Monthly newsletter,"Hey, are you free for lunch on Friday? There's a new place near campus.",0
Final notice: confirm your identity,"Dear user, please buy gift cards and send the codes right away. This is urgent and confidential. Regards.",1
Team meeting notes,"Dear students, the lecture on Monday is rescheduled to Wednesday. Slides are on the course page https://university.example.edu/course. Thanks.",0
Your order has shipped,"Hi, your order #4821 has shipped and should arrive in 3 days. Track it at https://shop.example.com/orders/4821. Please reply.",0
Monthly newsletter,"Hi, your order #4821 has shipped and should arrive in 3 days. Track it at https://shop.example.com/orders/4821. Have a good day.",0
Security alert: unauthorized activity,Your payment failed. Update your billing details within 24 hours at http://198.51.100.7/billing/confirm to avoid legal action. Regards.,1
Re: Question about the assignment,"Hello team, the project demo is moved to Thursday at 3 PM in room 204. See you there. Thanks.",0
Re: Question about the assignment,"Hey, are you free for lunch on Friday? There's a new place near campus. Have a good day.",0
Security alert: unauthorized activity,"Dear customer, we detected unauthorized activity. Verify your account immediately: http://secure-login-verify.example.test/signin or your account will be suspended. Thanks.",1
Monthly newsletter,"Hi Alex, thanks for the quick review. I'll merge the changes tomorrow morning. Regards.",0
Re: Question about the assignment,"Hello team, the project demo is moved to Thursday at 3 PM in room 204. See you there. Have a good day.",0
Class schedule change,"Hi Alex, thanks for the quick review. I'll merge the changes tomorrow morning. Please reply.",0
Re: Question about the assignment,"Hi Alex, thanks for the quick review. I'll merge the changes tomorrow morning.",0
Invoice attached - immediate action,"Dear customer, we detected unauthorized activity. Verify your account immediately: http://secure-login-verify.example.test/signin or your account will be suspended. Please reply.",1
Your account will be suspended,"Congratulations! You have won a free gift. Claim your prize now, send your bank details and password to confirm. Thanks.",1
Payment failed - update billing,"Dear customer, we detected unauthorized activity. Verify your account immediately: http://secure-login-verify.example.test/signin or your account will be suspended.",1
Your order has shipped,"Hi Alex, thanks for the quick review. I'll merge the changes tomorrow morning. Please reply.",0
Final notice: confirm your identity,FINAL NOTICE: confirm your identity and enter your password at http://acc0unt-update.example.xyz/login. Act now!!! Thanks.,1
Project update for week 12,"Hey, are you free for lunch on Friday? There's a new place near campus.",0
Re: Question about the assignment,"Hi, your order #4821 has shipped and should arrive in 3 days. Track it at https://shop.example.com/orders/4821. Regards.",0
Project update for week 12,"Hello team, the project demo is moved to Thursday at 3 PM in room 204. See you there. Regards.",0
Invoice attached - immediate action,"Dear user, please buy gift cards and send the codes right away. This is urgent and confidential.",1
Your order has shipped,"Hi Priya, attaching the notes from today's meeting. Let me know if I missed anything. Thanks, Sam Please reply.",0
Project update for week 12,"Hey, are you free for lunch on Friday? There's a new place near campus.",0
Your order has shipped,"Hey, are you free for lunch on Friday? There's a new place near campus. Thanks.",0
Lunch on Friday?,"Dear students, the lecture on Monday is rescheduled to Wednesday. Slides are on the course page https://university.example.edu/course. Please reply.",0
Final notice: confirm your identity,Security code required. Sign in to verify your account: http://bit.ly/fake-demo-link or it will be permanently locked. Thanks.,1
Project update for week 12,"Dear students, the lecture on Monday is rescheduled to Wednesday. Slides are on the course page https://university.example.edu/course. Have a good day.",0
Congratulations! You have won a prize,"Congratulations! You have won a free gift. Claim your prize now, send your bank details and password to confirm. Have a good day.",1
Class schedule change,"Hi, your order #4821 has shipped and should arrive in 3 days. Track it at https://shop.example.com/orders/4821. Have a good day.",0
Re: Question about the assignment,"Hey, are you free for lunch on Friday? There's a new place near campus. Regards.",0
Class schedule change,"Hi Priya, attaching the notes from today's meeting. Let me know if I missed anything. Thanks, Sam",0
Security alert: unauthorized activity,FINAL NOTICE: confirm your identity and enter your password at http://acc0unt-update.example.xyz/login. Act now!!! Please reply.,1
URGENT: Verify your account now,Your payment failed. Update your billing details within 24 hours at http://198.51.100.7/billing/confirm to avoid legal action. Thanks.,1
Your account will be suspended,"Dear customer, we detected unauthorized activity. Verify your account immediately: http://secure-login-verify.example.test/signin or your account will be suspended. Thanks.",1
Re: Question about the assignment,"Hi Priya, attaching the notes from today's meeting. Let me know if I missed anything. Thanks, Sam Thanks.",0
Congratulations! You have won a prize,Your payment failed. Update your billing details within 24 hours at http://198.51.100.7/billing/confirm to avoid legal action. Have a good day.,1
Your account will be suspended,Security code required. Sign in to verify your account: http://bit.ly/fake-demo-link or it will be permanently locked. Please reply.,1
Re: Question about the assignment,"Hey, are you free for lunch on Friday? There's a new place near campus. Regards.",0
Your order has shipped,"Hi Priya, attaching the notes from today's meeting. Let me know if I missed anything. Thanks, Sam Have a good day.",0
Monthly newsletter,"Hey, are you free for lunch on Friday? There's a new place near campus.",0
Final notice: confirm your identity,"Congratulations! You have won a free gift. Claim your prize now, send your bank details and password to confirm. Please reply.",1
Lunch on Friday?,"Hi, your order #4821 has shipped and should arrive in 3 days. Track it at https://shop.example.com/orders/4821. Have a good day.",0
Class schedule change,"Hi Priya, attaching the notes from today's meeting. Let me know if I missed anything. Thanks, Sam Thanks.",0
Final notice: confirm your identity,Security code required. Sign in to verify your account: http://bit.ly/fake-demo-link or it will be permanently locked. Regards.,1
Invoice attached - immediate action,"Dear user, please buy gift cards and send the codes right away. This is urgent and confidential. Please reply.",1
Re: Question about the assignment,"Dear students, the lecture on Monday is rescheduled to Wednesday. Slides are on the course page https://university.example.edu/course. Have a good day.",0
Monthly newsletter,"Hello team, the project demo is moved to Thursday at 3 PM in room 204. See you there. Have a good day.",0
Lunch on Friday?,"Hey, are you free for lunch on Friday? There's a new place near campus. Please reply.",0
Invoice attached - immediate action,"Dear customer, we detected unauthorized activity. Verify your account immediately: http://secure-login-verify.example.test/signin or your account will be suspended. Have a good day.",1
Re: Question about the assignment,"Hi, your order #4821 has shipped and should arrive in 3 days. Track it at https://shop.example.com/orders/4821. Thanks.",0
Congratulations! You have won a prize,"Dear user, please buy gift cards and send the codes right away. This is urgent and confidential. Thanks.",1
Your order has shipped,"Hi Priya, attaching the notes from today's meeting. Let me know if I missed anything. Thanks, Sam Have a good day.",0
Your order has shipped,"Hey, are you free for lunch on Friday? There's a new place near campus. Regards.",0
Team meeting notes,"Hey, are you free for lunch on Friday? There's a new place near campus. Please reply.",0
Lunch on Friday?,"Hello team, the project demo is moved to Thursday at 3 PM in room 204. See you there. Have a good day.",0
Project update for week 12,"Hi, your order #4821 has shipped and should arrive in 3 days. Track it at https://shop.example.com/orders/4821.",0
Monthly newsletter,"Hey, are you free for lunch on Friday? There's a new place near campus. Regards.",0
Class schedule change,"Hi, your order #4821 has shipped and should arrive in 3 days. Track it at https://shop.example.com/orders/4821.",0
Payment failed - update billing,"Dear customer, we detected unauthorized activity. Verify your account immediately: http://secure-login-verify.example.test/signin or your account will be suspended. Please reply.",1
Security alert: unauthorized activity,"Dear user, please buy gift cards and send the codes right away. This is urgent and confidential. Please reply.",1
Payment failed - update billing,"Congratulations! You have won a free gift. Claim your prize now, send your bank details and password to confirm.",1
Congratulations! You have won a prize,FINAL NOTICE: confirm your identity and enter your password at http://acc0unt-update.example.xyz/login. Act now!!! Regards.,1
Payment failed - update billing,"Dear customer, we detected unauthorized activity. Verify your account immediately: http://secure-login-verify.example.test/signin or your account will be suspended. Thanks.",1
Final notice: confirm your identity,"Congratulations! You have won a free gift. Claim your prize now, send your bank details and password to confirm. Regards.",1
Your account will be suspended,Security code required. Sign in to verify your account: http://bit.ly/fake-demo-link or it will be permanently locked. Please reply.,1
Security alert: unauthorized activity,FINAL NOTICE: confirm your identity and enter your password at http://acc0unt-update.example.xyz/login. Act now!!! Please reply.,1
Security alert: unauthorized activity,FINAL NOTICE: confirm your identity and enter your password at http://acc0unt-update.example.xyz/login. Act now!!!,1
